Feature1,Feature2,Feature3,Feature4,Feature5,Target
0.4865870293843605,0.5930604561720126,0.9894147808866295,0.18683737958910618,0.23159712609542515,57098.15479947955
0.42775937355867255,0.8579848836316797,0.6502445684176503,0.40285005238377103,0.07640361826859698,8192.746874398668
0.8816174572916462,0.501180593980642,0.09413759270690047,0.13541381388974616,0.699213063446752,1217.758956147901
0.3363416159703133,0.636898202265188,0.14419236781946587,0.522868809635178,0.26955048325679853,41722.384155561456
0.8497457994880958,0.19675410569631158,0.7396887472744683,0.325810125586926,0.056938523841689404,92857.935827113
0.9924123336000835,0.023665943321437566,0.585477342609154,0.5567355195982303,0.19856893039463774,80708.75476663347
0.15577680697998586,0.9471447673120608,0.722061809112996,0.7716701163906218,0.949234591186939,21404.871682456396
0.9715678637803763,0.30556633197554584,0.06963335435289586,0.11213217567010081,0.1585007155009336,53339.01944764221
0.06066664566447777,0.9736395990197418,0.8410093325989011,0.5616611040129317,0.6784248776055719,23870.30122214937
0.9501568913209969,0.43982116597461807,0.06730876562767973,0.3911561268332242,0.21687963695604828,98805.30848350802
0.4448577107422118,0.0602293061653526,0.8092908068797148,0.2501293133180117,0.49552396005918453,43840.758041672496
0.7152923736597614,0.7742636068036585,0.922685159848979,0.6996193821053174,0.0039948753591011466,3825.4904089456254
0.7916037755173833,0.6160818479908301,0.5586202918181142,0.29720097886245034,0.5371412844426648,65856.7361366634
0.3321474481437261,0.5593289930791869,0.1298178296322967,0.0660051981354175,0.275088735738107,43923.238504106426
0.8508005770586037,0.6889996532900888,0.721015821020055,0.7662008328430064,0.30535169841491305,80012.83145945087
0.20474563874627993,0.7773259509794748,0.5013755939061691,0.737089948612141,0.5291379297851377,9039.220945975652
0.13176570525501397,0.9015088786400791,0.6592724347727816,0.9140325833215573,0.22125373538141424,37091.80989585891
0.3091253672127864,0.9217040587523531,0.9223362023386343,0.868111506552653,0.9772245726773919,31862.530997491827
0.30488640128063293,0.2098846537046496,0.13944975531465087,0.6452918577339698,0.3748796163151058,55311.87068185145
0.5029291395566192,0.6373542080341595,0.2078656485787621,0.9935887292020757,0.6505679624928628,16476.176275809885
0.24346699778134728,0.2180483817048825,0.9632256144666372,0.3500439542881604,0.328726494458235,77497.28960008622
0.1849007459451001,0.6590530053208984,0.5545134876036574,0.44172166243339506,0.17145064998054682,64281.63370041169
0.9433322727277651,0.7971937575950988,0.8698087273210177,0.537200558506001,0.7552135495791549,47330.90170517525
0.7643740395908125,0.7246576498774645,0.572445137180221,0.8208070662209809,0.37350056808413257,47626.108859672175
0.4196053953939586,0.8558936616090684,0.29735683084467945,0.8991465832913585,0.23432324061296905,5288.556620143882
0.6560918296143732,0.6270821142969585,0.8746326763795294,0.9991585471549137,0.19588549263182875,17832.930395107407
0.006736440575813241,0.7839505253007812,0.3205337684462257,0.2278804131153871,0.0581678759406582,11248.065958629513
0.7378406663347993,0.16354550225298425,0.5291242762063358,0.897662845442826,0.7164166109243081,50596.06158499397
0.3686569844669628,0.6891173292186723,0.9257144831318891,0.014698544493907506,0.28996003406124493,18688.76218683713
0.8579027619932104,0.755372946655492,0.1949431718764556,0.6116961020221362,0.3011098983543061,31599.610810083097
0.0218151720607771,0.8143476400495983,0.09936692492360433,0.983413101757818,0.057572802427861336,39428.731879937484
0.5748416369618983,0.894007487478984,0.49507907420957176,0.21119483176985343,0.23483193022193516,23016.367116858924
0.210936326678547,0.3932133587053437,0.5564554060941275,0.013983460184638141,0.231007370914584,33713.74551950411
0.5985958403061319,0.8511851916584009,0.9423535413135905,0.9789365980024586,0.28062981891007177,48636.508470626046
0.5455823196795123,0.4698831606336332,0.3968826963086918,0.9189380319368392,0.3725240678973274,52580.11804444536
0.05459378337621257,0.25977551878107163,0.22396724514661137,0.9768375587567767,0.3813776415404886,28520.51767506911
0.2402247551669826,0.3402954383940282,0.4028821010928407,0.13873182657679117,0.17265227731859767,87430.84115447699
0.9847434668962826,0.3392417814419041,0.6970583559356796,0.9762636263744207,0.751132387332335,13372.156122335275
0.6001920392646454,0.445895074865051,0.6342990462736072,0.45782852118968786,0.18863972763195613,26295.72147251889
0.3217697574017109,0.5386845379361944,0.2908845561244682,0.7622994000148927,0.7537001549912616,87494.74734926107
0.6716858354258685,0.7405772795492616,0.3379527838437044,0.4913955459163475,0.8763189244114086,12029.547535640497
0.5694183878736313,0.1055410290412705,0.49666243169988233,0.10065586968483942,0.16707748951271528,35433.8121295939
0.13559043336216015,0.4068935905323624,0.7069487188263152,0.0004800192746223786,0.0324898058992974,79075.24527196825
0.493200922713826,0.39757999724418236,0.7374480761069423,0.6708067057766836,0.5384582467094509,64140.88715063402
0.2794870592600758,0.0486416458603679,0.9756453383302937,0.794058479717898,0.4204248845590989,96296.00800738172
0.6447172668097113,0.275597673941659,0.28226788110482937,0.7229598840068564,0.9708370187263403,80719.0840245093
0.918662841798314,0.4425712678356525,0.11098237409537359,0.5422625776832128,0.8933080225515441,79206.85154068674
0.771615413650809,0.02487672597386481,0.0855525731202107,0.97859611698253,0.4879394736434609,12886.03704218397
0.8757544894226519,0.05703677442951938,0.12230275218053444,0.9609441239165,0.4444995833819073,20657.74577170125
0.06328308538087746,0.4660671067944928,0.8355775868488806,0.2970355810710359,0.12698149997344166,67106.4343411377
0.7144876040016886,0.9135028491622829,0.943420399785953,0.7136848807035616,0.4096650925154629,26959.858583442194
0.17222326616087247,0.5033777510398278,0.7859491340845127,0.7596007122449363,0.7153271878379533,24386.858396679727
0.4080889480712919,0.5588452807392439,0.7785475891338237,0.1124129686902412,0.03304747189249346,56965.11547191145
0.4464208497174218,0.3466032852703058,0.44320584784899564,0.5661061629975926,0.8841653535166109,32920.488792549775
0.6339514478610389,0.655745242407848,0.36509159797322477,0.1005275212901825,0.8353792301243945,63706.01105036213
0.16160783394413247,0.10308492659828528,0.4199807863677607,0.43802438720524706,0.09556939905822204,1083.7308799593484
0.25512076931197714,0.034216328030457266,0.7523205576247782,0.8939994470972166,0.4706163508709693,29840.415501415715
0.9183889110976416,0.23201300560773985,0.36224755577549217,0.18843848869622704,0.3990632440209867,97011.2923668994
0.546480329473073,0.6643632231305637,0.2121488928478975,0.24491110885776013,0.1501735546582984,73751.76899514525
0.8608849578292759,0.24629539310699788,0.7290641747299803,0.0041800854989051395,0.8827781612942563,12804.57970820086
0.8336393672314141,0.22208453464058941,0.17092793600754475,0.16350283469058524,0.14635168746169192,9285.556090424674
0.07573517117964867,0.44471953983216395,0.44664401694948064,0.28440180190524145,0.9093396216674239,68149.70717727774
0.7748653857506869,0.38840124165715195,0.20115637096753458,0.7098517128274161,0.2793687870350563,34866.95210208916
0.39494204710221104,0.8818774727173845,0.1468971001507492,0.5664256644158102,0.7608114784152782,87716.30475316886
0.9086455453442518,0.753909314504614,0.4449131639471945,0.6387429208054316,0.4967273765849062,79123.28192442106
0.3996799828641423,0.40263132735893414,0.7220482866745962,0.3072316022148547,0.5135117190196923,98900.03303858917
0.6344097315149484,0.40832010104869343,0.20330503730993665,0.3144002769940307,0.648406288363523,90771.68196488309
0.01500394335448696,0.26967643022458254,0.04569165086296001,0.2789246107052029,0.9483962819282291,1629.6488317511767
0.16611360053304947,0.49503110327847666,0.5234012102176747,0.9955307540213703,0.3544629458942671,85880.60537399646
0.21106818458513843,0.05481019200071913,0.604765320048196,0.5029036201696829,0.1799037730023455,77653.51210681158
0.9103625050397717,0.15242078527145042,0.8844941615522152,0.002290368625193273,0.7751549955616215,77560.13155264304
0.6253263602399208,0.7181352903759601,0.10196951143420463,0.3226228612260811,0.9412778007711958,61413.89460076938
0.3138139080037512,0.4376531102277289,0.25117757557121656,0.08094099354773754,0.24089602293508972,8331.454689165708
0.7358384725625665,0.7747165498133233,0.18132779002971788,0.6738483250451343,0.3869367742080436,80728.2267058542
0.5540384087419062,0.7645074070055444,0.019535007914532665,0.7251268064686013,0.08327827811788513,60391.844442264264
0.5030822777335292,0.023336972625648933,0.08981520037526292,0.07044242063045547,0.6199810494499062,94776.1885548742
0.13169870827383,0.06075807878619943,0.834259089349795,0.002053213069127535,0.7183224613799386,61071.46524857869
0.8198339089910521,0.3712155986178085,0.7087334031643975,0.03877998956306128,0.8659525800915225,41412.31827674206
0.872600146356468,0.06589208530548174,0.04968011034969255,0.0329319521155933,0.625354389257908,93017.60869823315
0.4191418073082491,0.1097984645851432,0.48235760515049486,0.2903921396125815,0.8211359410611345,84862.9351066793
0.23240692788927297,0.12341165170130541,0.9937936936222739,0.2862866245503122,0.6046205820124564,55172.897626290105
0.9650718139851232,0.33386249247877897,0.5583601170218782,0.8037525526667372,0.24292130528507228,16910.24350992233
0.7276407017168107,0.014970026058147567,0.2964292413848695,0.14111191380416654,0.8100543364585201,51256.614801371295
0.3140364134414624,0.44096479664807764,0.018687588183924908,0.5474444121895691,0.03251070348346563,42884.80410726869
0.5787606869601246,0.6799102871489371,0.6436739322043691,0.9065720949992192,0.9997158813175866,57577.41737339551
0.2681585872654929,0.8086386402082915,0.4369958280564602,0.8284037734454527,0.012237914764583024,67138.88971743746
0.8307081986103954,0.5731649134840857,0.1742329767841464,0.5566266509079011,0.9427581961322756,75902.66802414667
0.20427370376695297,0.46814788825438425,0.35993248433538616,0.8934912635289122,0.8963923152141321,76373.66697120649
0.1821619725249728,0.04452784687132394,0.4222576069516184,0.6154974954016765,0.9426788593452281,91615.40540612748
0.1869070290861291,0.4016150777754033,0.9762821613699332,0.7567122979740463,0.09265024139290812,59747.244964717545
0.033603945387737255,0.8547386143927088,0.8900098345073693,0.35407325170460846,0.46121616513917296,56203.599573245534
0.08704784804987853,0.9669626672464772,0.33542185315414597,0.7133365453548656,0.9252169866084631,47467.67466867759
0.6960179569587037,0.7073238240095306,0.666499551884458,0.26970421189541793,0.18014306756146126,45804.06668036315
0.4945978669876049,0.4511665848787836,0.8791709926896302,0.9834695978276884,0.47920817063446264,8691.567982286993
0.7433453259787892,0.26945327145959486,0.12908174092757974,0.4518976919452342,0.23984408931579804,1178.320514978317
0.6611083634204163,0.2553321323191683,0.02535341920058598,0.6998309259715583,0.6167795545167182,77008.42598044465
0.9832697459558912,0.7418613497707344,0.5649110027065714,0.5789983421764212,0.6976601715757285,19928.340480483064
0.8816547474863988,0.35091749659623006,0.21704066125532373,0.9080166036198803,0.26091860393152444,87347.60364557164
0.11000704087310509,0.687503550538342,0.5735101398792372,0.915475757584204,0.1391203747537859,34722.25595412146
0.6546166693606036,0.3686218830682272,0.3122132917306951,0.024641381935171625,0.360024873969631,35383.01868902451
0.5406038690306997,0.9721817644572407,0.48801495155855534,0.7372210908650055,0.8554103241304287,38087.360490453066
0.15044488646425114,0.490467419411055,0.6932736865870068,0.5397892722330861,0.3694974062709322,85076.95403392673
0.6086029174277726,0.8141962127251576,0.5600890735234535,0.5823901556644296,0.45048877201461257,1368.2445430399735
0.13381570347405924,0.003309839206649401,0.7876086919480738,0.3975619709997412,0.7841845614500725,56063.169686311
0.9896412490807204,0.2836692076769002,0.03835976153047116,0.03381763737955423,0.7585604882770073,29793.79142757472
0.8288809826120004,0.14203069792989154,0.6855116301615656,0.8920857154296077,0.3626768343168364,28258.99390304477
0.5873183494158319,0.0719562950099415,0.15998880014550731,0.4016975850716378,0.9579246360865539,5131.2035062697905
0.9687784838563405,0.6169586402074309,0.03274814311766405,0.7254774633677328,0.29847533401105963,39940.643855764
0.6921241098240851,0.19283015129964198,0.6556112863956199,0.6585549147300808,0.3543689315503259,8539.971040498043
0.21937855090943215,0.46033309398182165,0.8172643388421913,0.7854604583759556,0.7289592385268586,10835.469490984544
0.5559564878645076,0.12048146517705349,0.3960708845812052,0.18143341474337338,0.5286280602189243,66991.23701145762
0.2836198866111652,0.567173877758596,0.5274496041944196,0.11014065066659351,0.9483163738318431,78136.65501034567
0.9031170456019343,0.06128164118760637,0.6828630171053675,0.9861653552807202,0.12268249079772142,26105.373914470107
0.3904798727526205,0.6188122677028366,0.13574808413629147,0.42603153832637164,0.5870538860621982,7254.119349004051
0.4597484480975359,0.353090091486415,0.9105453623591279,0.27475522420064824,0.991752057346278,42480.70961993159
0.12238466908404955,0.848574717905479,0.6706838168224194,0.10892988936667225,0.12652398530244136,9595.324203111806
0.7108920435544468,0.6425315577553222,0.3473496317349414,0.6187503937073967,0.618593072143842,42307.32595241209
0.32577643650789023,0.6760976370608739,0.937772613974464,0.05054306156357924,0.4755018544597318,59979.35280834867
0.6195965491502929,0.44054324745693096,0.07345977779636992,0.620225985527049,0.8585940208106151,31004.376475316534
0.5971494173276137,0.9102303837773433,0.9473099101895355,0.6348118441079348,0.9432287932563478,99142.00645142632
0.5225624949211825,0.08819654549335965,0.5834716645582813,0.15410797287381872,0.7182144759647844,96711.46488024898
0.7787295770019484,0.026616826840756613,0.4040990178948741,0.6548760877065496,0.9753727451211207,30350.48995155887
0.09061876797346435,0.6624888345140215,0.9952427005841725,0.9645742377073443,0.08932859944915461,71867.80495599152
0.6965836735102918,0.5449373875057385,0.44683564121031694,0.46363818777438515,0.7610330078106226,42756.210637204655
0.5203037789722074,0.022855480941901707,0.10785501431266198,0.30436991781852785,0.6097075923668661,23350.90323960374
0.8457351724772333,0.6315841922814347,0.6879426520366109,0.8792031700304214,0.47267608040918185,32412.85160282927
0.20607844214626092,0.24446569431369325,0.2031989615878601,0.8859797475908815,0.17853647637624448,41519.31827658712
0.12130129522309774,0.9007299890474693,0.7229810918584202,0.578566376972583,0.8379606949438453,74691.42955744849
0.5956605023478889,0.008485828213395274,0.11181530497136238,0.6645254841658718,0.8308229763482253,70081.5728091791
0.9794177683283403,0.9547490667394878,0.9314690403979791,0.8494933645573821,0.8942068769264642,13009.929592953038
0.9488019565816941,0.7897872058141168,0.4031830347646419,0.11125454413466918,0.6889006265706148,48811.143206597495
0.5890966546116443,0.44541196759793233,0.09871572557456187,0.951363163725325,0.20324221801743647,80490.70333304754
0.4644390013732581,0.846781184595103,0.0557394296183491,0.7187928815593124,0.21648572489414342,55311.157273998586
0.06339248416713539,0.24277931659783647,0.6601301662110983,0.842853916370124,0.3147096716747517,94874.95750500135
0.7375779264976776,0.6416797409538826,0.10124785024960126,0.3586993745218583,0.9360796674661762,37661.567219221135
0.1602472913420835,0.6273811431195598,0.2969128146991665,0.629828661877132,0.8068803331920426,25934.33145230356
0.8035498940246207,0.9979694671693838,0.18015485859882707,0.2900096825947045,0.726648865363411,41642.60553362403
0.951123942728638,0.48578503055414834,0.18682665518428387,0.6912240265624281,0.36505161010747367,49552.220640011416
0.47433436381579674,0.8041916920417268,0.4421110719034478,0.28389949824672467,0.7671443277885299,92942.7454998108
0.39948657055698134,0.22624236528079267,0.3284666733049486,0.16160476515984457,0.8394168008594423,41935.4566983359
0.5636016553763372,0.5806536606774908,0.3593053592973988,0.13884218663929826,0.9561977860573214,90893.50751568002
0.11726260531993427,0.6005606179631169,0.8901308479788327,0.8039476577486627,0.03215947162176447,37986.707185767234
0.7706404551501319,0.18332010946583532,0.0796983528855999,0.3495699421547708,0.22562606453163858,4944.402687229713
0.4863745733322916,0.12931695200535864,0.7837961950933576,0.6417445712923168,0.46291852103066666,34513.50273954147
0.19719827486780617,0.9609400750223153,0.7216045569114304,0.035174671628371734,0.32480853330879533,33285.84561047467
0.7708740020903638,0.03423700050995837,0.5017367177149397,0.9260945974284439,0.9735608113119731,71889.32975244618
0.4663856101809709,0.17433370671255477,0.2954528788599845,0.8761852556565166,0.009638722876156525,25275.60930232934
0.5312784535074112,0.7724787134805452,0.8473178933930128,0.1496474988959714,0.5522078300553542,42051.41363868669
0.7467977670580572,0.9805235130881502,0.3010270149896279,0.6276551880047859,0.8425985341949347,89445.42338295776
0.4066794319353406,0.2885203984091602,0.9087578764088827,0.9613359666734671,0.7055102424721971,85597.71324888796
0.77190092621034,0.3738259924005416,0.18449416924272544,0.3718149723983346,0.31357112958279576,13896.300356170688
0.4676926653056055,0.6104283048686049,0.9981868292599725,0.8053360615964579,0.7655672354210109,34567.63991277867
0.6226297292279361,0.2900347495454473,0.6037882174784306,0.8607298837122469,0.4700015792089335,24068.93491155526
0.27274190920661,0.45946732688742353,0.4872938871828184,0.2082808943331087,0.7926897254489171,81083.46863252699
0.45554836055587156,0.905491702495052,0.8063911131811742,0.6085959108701805,0.5460187958949773,97497.11658643217
0.7304265024391511,0.004220344476176807,0.17905543130724422,0.8630503452155244,0.5426159206611002,10102.67820919786
0.8624977172203125,0.18000985211193832,0.6217130446141806,0.4709526270287282,0.3677357613133374,4518.425504446313
0.42124955643808404,0.30751262673221547,0.9521510805296456,0.0309948923991038,0.15438732148368106,38611.12201923069
0.16856627464120755,0.3515616288747949,0.13269019927604508,0.25319766029431157,0.3693146229620693,83354.78829100207
0.619195584732,0.9432383474412523,0.32692188516769227,0.27292071324737655,0.6998934404247662,22544.24538398278
0.5211641847161563,0.1431549246994459,0.17551769899939973,0.9805508957002235,0.9444656900893961,14873.517123683543
0.6442867837650118,0.781214659084619,0.795874340949683,0.9440365124577662,0.4480137897522204,15958.109085861024
0.7371628302182954,0.7680110793726218,0.7046048362361841,0.316510512080421,0.527974807105574,81459.1148173271
0.5229351312452561,0.945217223590734,0.8554957989952308,0.24686467462549233,0.9803497207591326,34435.505795298464
0.49911909449351577,0.893513126535266,0.6581117008652547,0.502974481712224,0.08824206463041973,76829.6561383204
0.4625077431766198,0.09092396947116155,0.4559874624963486,0.37416583343017873,0.8875626217350979,78725.81444804647
0.6958079532744849,0.6564716939757698,0.5152960111688758,0.7869179991160308,0.2681059512810511,62133.32696217365
0.8741275862559199,0.4424202916525525,0.519930528657995,0.8901221411005362,0.441091590509748,27439.18716455076
0.8383333289303659,0.7726313604771319,0.8139197188580335,0.2291551280488564,0.9552739779190027,78213.98025794052
0.8017333431052865,0.6158455538050926,0.609814839017686,0.08416002601928274,0.19340318829192749,94081.78690535293
0.08725093332012424,0.6191667266389911,0.49196008210512165,0.8747533950278975,0.777925047282813,5109.721098091545
0.05590076863266413,0.09875030530041484,0.005781173841613252,0.12401900426196244,0.3646942932492776,23429.09319059464
0.7215290924925494,0.18418595884795474,0.5059298928976386,0.5124035493274444,0.7302417828907182,58635.253386128745
0.8914171039939485,0.21986287137281613,0.6918189591660721,0.6506281167190997,0.3909559441903152,29671.819467371657
0.4424741123156387,0.1129880153269821,0.9294353714652531,0.48014424862025185,0.9042832294613596,21979.21918348126
0.7800539886717794,0.3396112723075564,0.12469450675009586,0.8331467737990971,0.19722016853750846,47230.63048967708
0.6338371845010908,0.674419418124994,0.3899727485644958,0.16316050100840218,0.5271923115795162,45989.36247514104
0.5526950513390672,0.7159624266903143,0.9914816876875449,0.6251115199333376,0.7438911357651071,53740.763581114945
0.6451514600803906,0.8679885857135033,0.8134992295898665,0.25794874684638613,0.4445854291730045,69008.41568208058
0.8451713116021818,0.9699087434489685,0.24803585277677564,0.6497384050754198,0.41911777962102004,53997.120061744674
0.6764171790496595,0.3098652154793997,0.37369448164815133,0.8436721256739551,0.8535670182867037,45549.855604858276
0.39978846131462265,0.3553710125169369,0.6547693423007865,0.8133142611458215,0.7698220263282401,6284.89657454634
0.06304738308493918,0.18053263442986367,0.04816332255355604,0.15585307128645132,0.29216972586212586,65865.57473515197
0.20774733353268326,0.040279426601470436,0.3271575361160577,0.8926996322633376,0.07316588944407054,6415.890814564795
0.9924732378491613,0.6616155840927587,0.7881517799110509,0.07740858086055713,0.8337197095055439,59522.06539788771
0.416578061642891,0.01460490404579795,0.2452785308130514,0.2294702728165694,0.3722450815693277,64812.420448053475
0.6720790515476239,0.4396884035131332,0.19688385547171472,0.0733430547793924,0.8848391682152911,91258.58646682967
0.4320037599890063,0.3294089797197486,0.8429228360828583,0.45320856256063935,0.034373906864273884,77256.26101206627
0.17257666577654351,0.7576350410306714,0.7541666915686782,0.7086066231770966,0.3280062403651781,58522.12456977023
0.1897283484665978,0.6651840712261018,0.22974764217080423,0.7011634155564718,0.23645529654902742,13384.48331549474
0.7264495819463598,0.045868693831750296,0.3458008132942859,0.630550893608528,0.8239427147280265,78954.48357342363
0.21315544160791045,0.6514394111387719,0.6022003610039403,0.13117197648887957,0.718990439103835,61631.00675280904
0.8281653251099648,0.4612815343986736,0.44296555016098405,0.061756249548451714,0.08402157284162348,90053.81847867984
0.4610539487144695,0.9598643334846217,0.2629473453876825,0.21826556404239117,0.45084891567368823,5123.5066099407595
0.1088115431337553,0.2979349404089323,0.13128200739188578,0.386484050659756,0.7652705850800968,53096.80474709971
0.9133313934367439,0.8439903687611475,0.35801743042800416,0.7664523370993039,0.2753745663956144,7736.4716974326
0.16417176693157565,0.04569965884159288,0.799147354635461,0.003306384284627595,0.28994933580280635,22461.424389263964
0.28325241118017996,0.8609019734955144,0.6145057203853016,0.23975848086999763,0.5056034637391936,29515.29997040977
0.618341224378113,0.8811370504264545,0.7121476392065615,0.11148741222062475,0.3950218392669077,20505.14149519493
0.8106577319552715,0.8094792665097024,0.38755004188993414,0.2515256067816247,0.5681176272994853,3513.431131924757
0.8020013786037303,0.7906733091826212,0.5461942396609238,0.6485313065429151,0.49016934683638946,42955.10089783703
0.972450971910005,0.47864381623923213,0.4542576738869384,0.3689781168799723,0.3677946303869969,78242.71184935526
0.28822542996508194,0.10167963871296326,0.3414465711634298,0.28247620081019176,0.4420742027560225,74878.01053988845
0.8074464693482578,0.19780216401525352,0.9892287896673039,0.35307771041707225,0.7862995305918897,26090.365866174798
0.29630945497716943,0.09206354884178314,0.2513788597804948,0.21842136160037318,0.5764726304365726,34589.4766493378
0.11794520439042955,0.7685767381737239,0.2859101667768328,0.9307113890490357,0.7829256960956508,57610.024685599754
0.2059894041015241,0.11989597580954015,0.74474987186384,0.5520417887668916,0.05253644141549252,16280.539812689129
0.2831372327183047,0.553997984656145,0.5229774441775121,0.2270625721936792,0.7114245962100446,5775.735621584144
0.42126037123045645,0.982301202964696,0.5911863303280704,0.141465128623259,0.13153911382167238,69129.59239919319
0.7378210917652177,0.12841417158551338,0.06563624742304419,0.34925354357309113,0.024528741803332532,99259.16220692078
0.7257882673139923,0.39772849693477563,0.771549859862179,0.9430424679359521,0.636526007564099,92357.34226681895
0.6010371489755458,0.3138614881643311,0.08818705618754763,0.34994002805201985,0.4501800504413702,36385.02679530321
0.1801406449944084,0.5366637088100905,0.6499164086897922,0.7712649703819663,0.9069088124631296,74296.38336861266
0.1417839655219295,0.6814784802208177,0.20169799528795218,0.18381582911226213,0.2637581777909036,65818.98939735413
0.7455350191902261,0.7564084275986622,0.35034824754162597,0.3777537887079845,0.8509882608648449,68328.28641379513
0.9987352256072298,0.7297836378664599,0.5034405000286417,0.9263504249796212,0.3933752848319384,35117.37650778184
0.17886695418093057,0.04653125893722032,0.6693557242695013,0.26631752884950466,0.7821048704027721,19983.098986217065
0.2838487767503456,0.004465040909245821,0.07119657274312452,0.24300676540409583,0.48265160705395804,63738.29579954147
0.3526916809194468,0.615281519960599,0.794685286048753,0.2254873110390525,0.3477099678212031,63867.036135671784
0.8545983190867382,0.7273665617753754,0.7369845551913125,0.8025735036451351,0.7175320451973581,24878.98722222525
0.2496188638846043,0.4193561273348776,0.793144867041694,0.3161581081684198,0.5763314893481977,63205.9281740759
0.5195361648357001,0.5212468443015484,0.20408618898644615,0.48467868992777063,0.15784397445260667,4790.027583925201
0.5249271749301224,0.4419917598872656,0.49878661011777714,0.13333477960315065,0.2842033598870807,45719.84560114412
0.7140345738799941,0.24638688369922657,0.7315922428475327,0.3870155132503692,0.9039555327940727,13723.99198183816
0.21697886587074744,0.4475129518428116,0.1319073774149051,0.4693577623464291,0.8482137196171519,52022.84424440126
0.99947585423281,0.008373107310951089,0.1681522930381698,0.6263201934635091,0.7756088033943725,27375.330044072703
0.2037475770385201,0.4180109948231624,0.40566758128829916,0.14418164289665492,0.4738132368122877,33391.46291742667
0.012688044302501922,0.6636644620176066,0.7334579993224635,0.12416844428830298,0.371064684856819,21777.542235395103
0.617450635973299,0.3794458212774924,0.09651811055279047,0.4696095243464955,0.8950443205920504,40675.99312798039
0.07044424551244277,0.9736489076671,0.705608359869536,0.20513771646094714,0.2756342173169054,10963.009424634394
0.8012053533215457,0.9548508731026556,0.45634179907832606,0.7785656488882536,0.18826165940793327,23376.859363282252
0.7802265933523502,0.12962144110363283,0.7721898609024264,0.22024615035100703,0.01679854575486117,10574.202647273534
0.31397433420335064,0.16559698206735418,0.007464576575271553,0.5206848450839828,0.12322208223613196,21139.698613201406
0.24862203357212587,0.7943470980927557,0.04056701714954303,0.39523965943328077,0.7923138634982712,58797.291556147815
0.2396595393510459,0.6907877747823796,0.4464456236112775,0.48309607574393265,0.9247732673578757,20586.51815857665
0.07879123282983436,0.13939708051069433,0.8593292563471412,0.9300117364188751,0.9636505865398481,93858.97924527159
0.5600088957835391,0.4081284800531577,0.24111505315606319,0.5921482863271952,0.4703132245813363,77031.010349463
0.8370681299552486,0.21593792344342055,0.7962949856388265,0.576232772892544,0.6601184341342636,69429.65589676939
0.24693056048207407,0.5347147988045765,0.3705818262029771,0.10191834628710628,0.9859878960305603,64776.14773771395
0.3808016212084273,0.8237645037605039,0.3378452486339121,0.663630062655568,0.622242954286556,98236.38968096167
0.3268695873269407,0.3780991167535366,0.09718431873817401,0.2105139049229282,0.6911288571832257,80583.4331243677
0.012488249637377269,0.8954321012105784,0.221373356254995,0.885780342790719,0.5052913232648526,77101.80129105411
0.5922914566708465,0.492955227675144,0.08116467007831951,0.7044736793324065,0.5764681915139196,34461.860514265216
0.6231671913245678,0.6993397143993435,0.4875200430172143,0.6211181979132943,0.6075431990362478,55500.68908969847
0.10767802787857761,0.5012602272545624,0.5500985603381215,0.4377299986177634,0.7122956181103661,30237.126312105414
0.979874029636718,0.9080700144150184,0.9896968786420905,0.9909055344400518,0.9479546085964846,60328.17281202284
0.6478291339660045,0.18676096882529492,0.5018328045045164,0.09935460602071544,0.7204125577225716,97925.82149399987
0.6125361081994798,0.40447262088575386,0.5027817096994022,0.1518849439556227,0.03260126689963461,41578.99691120993
0.9936957002002814,0.5507821561641167,0.5109332982354394,0.9692187488820533,0.42508741903070046,94232.42800368287
0.08232978618559972,0.5556824112489445,0.32586012137006004,0.03440405007220737,0.32181157793438264,49826.81063632041
0.26364018706314574,0.9862656309635011,0.44628776186427765,0.8615386964832136,0.6872305866202635,33319.03044891058
0.9216489290502168,0.966315896838284,0.9701680048364644,0.9567088056891616,0.06411910793459508,36982.694472857234
0.9858857462678154,0.14316047692102762,0.38774260900570046,0.07135594548593949,0.39358062144482864,6584.625659479256
0.6792535675302913,0.2928970019349708,0.5166127424637762,0.2959930359294888,0.3480194586840085,97849.77154340279
0.28705857864207895,0.6276304282779358,0.6248352306838914,0.5520104088487559,0.9750203180238797,88835.28393423262
0.05162680506967998,0.7612912259564147,0.02984360906687622,0.38698697187864195,0.17845620581613375,26147.28652722689
0.5841820735566328,0.3616905266640027,0.8668012646339721,0.13537907230095547,0.7490604368278899,37134.700062604184
0.7328447010983746,0.3892678685239117,0.22813136458419414,0.2669898038290477,0.08228197186338959,72138.02898267897
0.8325554704025523,0.8841230963284697,0.09034800395406517,0.5077348454248994,0.271425507550226,96639.82097620242
0.9943799235761123,0.8553419681386081,0.9403132826352121,0.04220473044247686,0.9387564694829831,66361.77047527661
0.4045888967610537,0.9384130313169885,0.19575142669206114,0.06643578952511853,0.8391126184855373,45492.007601733036
0.1452340494352009,0.447223096329463,0.7839998043314133,0.2778415497798755,0.6912600876511646,55386.04282233349
0.41222793994702145,0.42487254875243907,0.49126053354288035,0.7260783546808222,0.387952415443231,77627.16586068826
0.4323148079614696,0.025381697935410563,0.5276889291236667,0.8756599307461407,0.5877287813874877,64891.50578114145
0.26970085098922314,0.17221279538227352,0.008778871846322533,0.12134592583850057,0.19366997947630826,51662.13849724532
0.5598363018650542,0.17458046209307643,0.2804307259220459,0.12048377732139681,0.20874622700737155,16798.64993490465
0.5750273797267632,0.3932188667410351,0.5842004198910757,0.661329151527901,0.9208463848580188,83962.8551304119
0.7336543772165423,0.30918497949498447,0.16705208488072798,0.6060849811160871,0.7307014239393871,12037.660501687484
0.18848453907193397,0.9478402332527454,0.30435762668212096,0.6060437669315087,0.33407267878821,60118.93070806144
0.7744569286463089,0.06416816790735147,0.17570934149460604,0.6827239056262921,0.17611037212060954,98354.86302551698
0.21472896646153217,0.43815696921521996,0.008279708084381499,0.43942563850435334,0.24657867383533116,16146.642577382621
0.411175630039881,0.9079045183371239,0.5605022035538821,0.44898533065124224,0.12421177301023689,91731.55573234786
0.43639987375324296,0.1271069086749259,0.23214515122841728,0.5825414861135902,0.058471171348729145,37263.24807445978
0.31727789747454316,0.6848019137347395,0.8234489664865429,0.6832918871389994,0.6210903074190545,76449.27738196247
0.23745832429144376,0.4531126185412011,0.3763767596480264,0.3472469069381925,0.7750465280393968,40997.260126327616
0.7842384412093723,0.6974415971008082,0.9907197859776004,0.0060235144317787315,0.42497356869900904,9741.674419815425
0.9208191443296895,0.3798527130232088,0.09032534568661943,0.7013245891693644,0.9164209397364976,42947.79692912403
0.27339884423892136,0.21245317215725512,0.47907679265756165,0.5387343394129184,0.008275858117334112,60638.94743626767
0.4142299301952961,0.9803607738659277,0.5224608881691076,0.6677233490354565,0.17137222427663923,97979.22046654647
0.7062249613574412,0.6111286474748848,0.3146662315715565,0.7793484680186527,0.8485307179371048,56356.57228194084
0.9094348952798679,0.3572074286683581,0.23384194377157252,0.751964783326751,0.5459025308209368,71367.59471823875
0.6303711705929294,0.3441501247288279,0.3056180796869391,0.5344197929744282,0.15344166428289585,89280.79670724945
0.875717654235809,0.9898048232345595,0.44968090123995186,0.7763380765297777,0.9755304947483417,8889.443447559002
0.8071379863411603,0.671859345735428,0.9561519911396247,0.9682483726955862,0.2797232778051211,60281.87730131416
0.37761690914692336,0.7442310114389799,0.3340833648391267,0.8300893593919315,0.248896408199637,77871.11731738492
0.10818731835185291,0.6731043616536573,0.05765557148750933,0.2355825631166556,0.583394719919311,13784.26517362927
0.37087099066880747,0.025806244869290618,0.25195886089955966,0.2224555804488385,0.05330228567631767,11347.176387393898
0.518320295515675,0.31528487977493547,0.6447666825659507,0.8234058177739455,0.9790717309361174,1216.404291941406
0.5277299900528778,0.45906682187266135,0.2793554576077296,0.8928707989597818,0.18347289479994966,21255.120811067067
0.7549869995304326,0.42096308770478374,0.9401541448498363,0.7789639805902878,0.848932543361348,88895.65165436313
0.6479231132279553,0.7901016191311415,0.8138857967766516,0.67594672910032,0.15632390551677267,78312.38062742744
0.2133568274865092,0.37350120219139105,0.4323448092240483,0.6341938262732191,0.24198407705803227,25571.713678274013
0.40262334232987806,0.7351410644814566,0.20802479597373758,0.4522950262044687,0.048976126621642746,11171.493903037459
0.19399255945089633,0.5198036712065427,0.06547556325293613,0.09774766754031006,0.34546240230143765,61431.502153459835
0.16348935475266746,0.5589496357682335,0.05174610758635645,0.018441146958201204,0.6889732417783323,86332.47503934028
0.460516607528069,0.7597954494198687,0.8991827804743646,0.2912926682080248,0.5943945550683307,71509.96768915729
0.77390213401587,0.20791313339466155,0.8928201158166834,0.12256261517176181,0.760555883847848,47402.84416819679
0.2560543566450527,0.6538743410387885,0.7269189662484496,0.16703603441905546,0.904542313459705,82477.41888498307
0.0957517852095513,0.5581121868212876,0.32476956379956,0.6987124959155353,0.6264695425994327,44001.396920450774
0.9832420446642088,0.6268131764492714,0.4617722273967957,0.061865000981956464,0.39801229887986755,30160.392237092565
0.09252298627930688,0.8528500510798188,0.40926352935870436,0.26785025324466316,0.2595659740483831,71611.01320875212
0.6558708682431159,0.13446315444496826,0.4050106975192188,0.3755840181659329,0.36805891957384373,35872.61358856956
0.2359291732444584,0.2711009250451816,0.5702824494703683,0.22723360919871294,0.18788999980780552,25681.865160215406
0.25913521970016573,0.6252769586852487,0.05587998106046066,0.011228199782838733,0.6661606031321251,52448.602109966596
0.28562611360701784,0.15537100382999347,0.7744313083813403,0.8943331982829584,0.3383704358809365,24968.826789352803
0.35862235067731896,0.014011925415431059,0.7848134303549064,0.14281133267835644,0.7408950390650092,29326.293365517307
0.29152436665288584,0.9584238641033531,0.8479490577023964,0.6414852926102915,0.7970303899343688,8073.086773857544
0.8725033387165501,0.3684269965026523,0.5712821585614298,0.8985137571110148,0.7621845478347402,68128.24841862441
0.8727294412290534,0.4760610239795616,0.09395339556632909,0.9183487990600101,0.3155116919615313,21327.239539378526
0.09953061659465734,0.10616795027352921,0.49836922553657537,0.9765662881878636,0.483956202331594,65982.46176379334
0.1729762703694081,0.04437634710995819,0.5713217499563161,0.025291649533955463,0.8918565159008535,65642.08057826036
0.31578047069370885,0.9569459638696064,0.8578271273380913,0.4796691448512346,0.6529914714663456,23326.374791861366
0.6603199846640346,0.9932563193224504,0.1874710697869133,0.15491244335446686,0.9254650455273581,76621.8191900118
0.6390595620029231,0.9537986066659631,0.9385361951275736,0.1103559996865765,0.9818939288167943,58696.76158456388
0.8155764784334055,0.3590791494174992,0.08201111493483648,0.7970476156530472,0.34807332359061427,78976.52988838292
0.02127906976342564,0.5678081041529963,0.31535348510827543,0.8564596191153229,0.4024159517724274,6124.514729471073
0.5333783377791734,0.546881539090718,0.7041371301652025,0.16772009999738424,0.23153046349717543,65032.543281907296
0.9419412285729445,0.852260349613463,0.9400258163888081,0.46189837753695373,0.7302979181941781,45353.90651584662
0.1732324155656214,0.18118560575419107,0.6305089797628403,0.9112270169893825,0.1694221179347385,73005.29387316546
0.4521962379626999,0.2577025059395227,0.31424987662589565,0.9674112566696964,0.8196547843306498,8688.32065571249
0.8087472893266692,0.49413400197175783,0.5922459567789324,0.12306574104916157,0.2677781815477167,24928.010727806606
0.884305611676546,0.12266901995285462,0.35819456597967514,0.9559173023076951,0.7773079632145729,99445.25500829869
0.2326948663053009,0.16708793954262813,0.14631182162918255,0.9595763046167534,0.7382152225358043,26623.569503607585
0.9015303766422672,0.5004331180903345,0.2091816423831816,0.719602754389167,0.7728559259849931,28148.472851730043
0.41879393906737306,0.924683111444795,0.867632868412488,0.6122443291494504,0.8553502853766888,43728.990725435804
0.47895228812170443,0.6709804057239165,0.28145813726855895,0.545107581361986,0.9602263955065199,56549.709000154784
0.16915736255587255,0.5873418777342089,0.7419585196720723,0.6581194872327208,0.7332838360418369,19524.450236690496
0.6070396240638083,0.7478771002072577,0.80382483786145,0.052314800173232645,0.25260319837409784,74396.07195642721
0.6213465173460797,0.8733879548148191,0.9398403219652586,0.11548084747676424,0.020645999127710812,85347.0098315341
0.2582865147476713,0.9169519269465141,0.44542506509054314,0.3230842561348084,0.8194704014263146,82601.69515506345
0.6605248106338406,0.9392599654723819,0.5472782730732285,0.3678323397019996,0.4786552157992946,53305.05079680627
0.10867851484800672,0.718904881436466,0.926586622472361,0.8599538832605399,0.976905525116447,5417.128909724099
0.2783959004743638,0.14945303699201573,0.39858917891840906,0.8371166006500453,0.8240764181544962,62683.82877125661
0.8898862606264226,0.9168355394793077,0.8054905725639024,0.8732634626631146,0.39530495733621585,29149.076773273886
0.8132668260645333,0.25451866315986604,0.5288766338776939,0.4548336582514463,0.6311887112333278,6730.278268697511
0.0010688455233984762,0.9742348512746013,0.520085458588609,0.1404545373726338,0.44864959614244815,40327.308352590495
0.8393113927586149,0.04758367139713382,0.20121732939218662,0.5534068476256064,0.012639068971903922,59988.65896071633
0.2817056021856488,0.7845102330598861,0.16092475383115,0.36536285607649066,0.8129558728263477,41799.63047512362
0.6675178742827452,0.19734752462352434,0.9362970459057848,0.46298934914314005,0.850995704575255,53533.52830549222
0.3894906613604536,0.8520751001506343,0.9890446081236199,0.20500885186850715,0.9087384260933995,80365.03432316559
0.4713977925611288,0.4332616342194199,0.4340957989781543,0.6513666886575977,0.1335895903315648,69075.4711011271
0.18280566402605658,0.8121663113291725,0.5328388412772747,0.16315897687964098,0.25978861000934683,44482.52518834943
0.981686720941573,0.9419134285521658,0.6552487866180173,0.027453316540065997,0.3083607390267946,68340.81190927069
0.46756751146907627,0.37606212338831235,0.6845776064500455,0.5829752199084531,0.7683232202008564,48868.855886888356
0.05315345906710667,0.11308160468267026,0.4746739059307039,0.21354205698420714,0.02249304369827987,39778.19550506302
0.07491488159925952,0.5468582818472013,0.03252089484938614,0.5856816746004202,0.9971857288795001,36485.77303376255
0.8136827308180659,0.4531526305237398,0.37791132702231023,0.7918504015789917,0.5391568752316716,8542.952893093601
0.9046661281219597,0.7319782487268084,0.16271534863172787,0.5937655074161585,0.4030758888269558,94475.61966356097
0.6828985307207545,0.061988925931689476,0.4373323308831828,0.2449106419687852,0.365691787535976,2370.8849377400556
0.703724422645139,0.8020392527074602,0.8655331617234175,0.7083192819154253,0.7043246178312551,46873.989407711546
0.5874254204279624,0.8065515649530804,0.3642904864143587,0.10874540145263756,0.2749383710279666,90227.47221888586
0.4849278774720224,0.33306425232021397,0.6116147198538165,0.7069723323116361,0.49468918907232506,76627.59912272914
0.9813364775606486,0.1793958441512783,0.20421676106018927,0.5619550499385454,0.2225376992001591,92152.12833113539
0.34900694309492264,0.6229149495717419,0.38105601969011504,0.8528703180916379,0.4368342981406098,41193.46078454273
0.9407886723111659,0.4210967954097091,0.610817857366464,0.5047687067364274,0.714162252696845,90319.07846003596
0.3095691236491275,0.2248472739313968,0.3573919540758622,0.017331330544777646,0.03110780366021726,67720.36621678824
0.5528935442651745,0.3215142410552846,0.16954117158870752,0.4092586601353758,0.7427444105564162,57966.37415382679
0.31425204051071887,0.8312461542287418,0.08866990012863674,0.6938847457339139,0.711955946130769,81785.30277944593
0.33951017975894004,0.460092812325927,0.456834477557829,0.7378293882728454,0.5165362332915762,26437.4869936304
0.5883971969191149,0.05286165388248021,0.8349216597103664,0.7782599146234292,0.9059127589528606,11096.211020285986
0.1453245368723599,0.12839626585013642,0.2632138763198669,0.06216106010262945,0.9038426447877832,98879.226602127
0.9455502280088629,0.3311461896974296,0.05055690162640447,0.39234733146401213,0.8231004095908679,45190.26705438844
0.7823325976510961,0.9603403116324492,0.5500026224981962,0.06548219297485025,0.6958396840269806,70530.00619359237
0.6569533878300272,0.29969274643754207,0.15078823892664905,0.5380110130351071,0.9306496432244816,53744.49258121587
0.15526586164011336,0.5066860748259447,0.39623847167767323,0.7302218463089968,0.5308082163875968,58124.7128104894
0.9678694689236844,0.3724444128252997,0.1829192112723237,0.06131371261359109,0.47898987519432124,64038.242672501845
0.4013869793587501,0.38558475510420087,0.7440792156633423,0.6870208021299222,0.022746129267796178,18070.98158139401
0.5319051163565395,0.7575524900435043,0.31606568277226355,0.8477946586920587,0.755408840079912,86512.00819278386
0.4108641136499941,0.4110127974572404,0.09704803230764825,0.1827076991194032,0.23144166911094832,53200.946165852205
0.06952010101326644,0.8141273913303103,0.4932298352303288,0.871606645787537,0.40613951543420224,29850.97207270984
0.7141252665183879,0.1813239486221142,0.563331003531007,0.27543520384086173,0.6514585516500656,73307.98314765625
0.3097282239298459,0.4747276386484446,0.8257976213997403,0.5827757138065996,0.8134095440206917,3706.9185492615966
0.42187382379408955,0.6651993251330337,0.22571503014874683,0.41965150710082844,0.418019736363358,69616.37327110005
0.33765324046574796,0.4136268880325208,0.9545536620808565,0.18489959379747845,0.602686244546846,59428.92186625102
0.39550926336977466,0.9314896516837949,0.4475415994986759,0.5390378001342994,0.6183618482887268,46352.75710597303
0.9565950934205161,0.9823298837552836,0.22671153602186866,0.7150395321033736,0.08817035501990322,44378.55949615256
0.995859118657941,0.015698786772907036,0.4279950391610545,0.7555462716788259,0.2339619252778542,11467.765342851544
0.23856085370181002,0.14654177575096694,0.08788413832471642,0.5725306675973146,0.77979782632416,38986.66772130171
0.5951369568921638,0.14428859286361906,0.12492788763840623,0.852356035811104,0.02878345159808482,26176.74640239281
0.01250984844623082,0.6647029369447459,0.7155515829518609,0.70516379844095,0.3514669827032252,65449.93988378811
0.14753888115592995,0.7617258468621775,0.4536065797964026,0.3712906165469565,0.8534468119236885,30601.767571562486
0.7026309003019793,0.8708885944071821,0.16979208975899507,0.6911221507963945,0.5276343606993383,91150.80066298164
0.8896789189225985,0.9441136257556517,0.2549447145705285,0.1067167636305294,0.27431364567762695,81791.19231126845
0.971772771691717,0.810750418004202,0.6282614704637391,0.8874603787916748,0.8229258191895815,40866.024290434885
0.9112208129881347,0.22648694186327623,0.3083789861889834,0.5952089358719991,0.7014226328636639,47875.09978266968
0.0010508550991970012,0.7576316892228843,0.9462275372081351,0.8897938155054955,0.6708727378762306,83284.87210521365
0.1341718792092771,0.5947903855587882,0.6174384674487307,0.6247873176866582,0.32571487472714655,53614.63336319073
0.6194750499910094,0.2718215299116622,0.8955152676693602,0.710272723046045,0.04116245763750537,83946.58560827974
0.014890127299792999,0.6913462115022806,0.5513294911636661,0.8298105774915414,0.9040294664591797,82074.39346128183
0.582508377806755,0.0007685542350542862,0.48553335190148217,0.7317179265855681,0.0660811507342215,24043.976068592725
0.9364672733877404,0.48338769896247913,0.30044236026888593,0.3853376022201547,0.2800357629380372,24348.164518046295
0.9891110459572088,0.7879633944043357,0.7849035232630203,0.8918695633488587,0.4402725459949095,82743.82062022564
0.6960453377752923,0.052387556736448904,0.9765076656072844,0.40945702030148,0.13647115828423628,35683.465092272854
0.6442986128358207,0.7869369776233466,0.25748356022392727,0.5405215860186063,0.6993976207213182,72544.64723412813
0.25807785654899784,0.1394316106557405,0.6241866136088193,0.8889602170783889,0.13028667496287571,65292.38983413844
0.917119728902568,0.18707141934343885,0.5687773653328281,0.7881436249051684,0.7090777435635844,4499.799034440373
0.5256170726662877,0.623612856610994,0.8599286700544363,0.9878754609598152,0.6178337683597419,99853.89095083578
0.10582585973103609,0.3111177930939285,0.6290051472836499,0.5958749597603151,0.08629794568977789,53317.93354372449
0.30564626797956473,0.9378981840758068,0.2825145804222795,0.5199981757833637,0.05786043307595656,4009.714501347478
0.8412690306566996,0.1304489690701569,0.8768854364040312,0.9067749240806726,0.4026422292202153,3850.157011225271
0.9335398180497172,0.3334051214180991,0.30343134061203336,0.06319017096556112,0.3314483834855373,56886.25986264659
0.713979690619567,0.7023664664893718,0.03045909247346601,0.15549948064844954,0.2715500993409269,84196.16735079068
0.533202570442628,0.131631217141559,0.9762897973991165,0.2192475753617057,0.4155231434701193,23569.480711937696
0.822488365639902,0.8328864926664462,0.13559712186732098,0.9703907645234351,0.4619026041099553,90528.85814365622
0.7392630973649906,0.14843056263992271,0.41004225479398493,0.7324117825032123,0.20733523732659742,66358.05647754899
0.4509144544238278,0.6703653336391271,0.2562509772224145,0.45997757749188706,0.3766504053700711,41464.44936487531
0.8516125151246087,0.5365008484556298,0.22042937298242382,0.1588466261714424,0.18378045030037815,4530.251210501619
0.16928639562544612,0.9341620312428727,0.02751634714632889,0.24533879737256314,0.6887056234955483,14658.267102836944
0.3712483077854667,0.4137709628765256,0.6254184519098416,0.539648722670249,0.18550349052646176,31333.14186488566
0.08404447397876491,0.5803182306713138,0.7554377375809916,0.5262476123851781,0.6898365783877619,54683.17098847645
0.4383712365097773,0.17537617927953608,0.11460809913356151,0.2642839552852483,0.4644625880799206,95055.2053264927
0.944979636567775,0.8142742693535913,0.7637479337829157,0.30037489164804454,0.9998666496746047,33434.74563319115
0.06794597694739679,0.7729322258891135,0.07394947434905841,0.60775600601618,0.7605477751736461,92028.92533728083
0.8860149806983452,0.3808380982034614,0.5216868391582741,0.22054034646483678,0.7423874200875336,90554.47250850336
0.38881048039121247,0.9458837277304613,0.08410916947722258,0.32742356477823364,0.3285155290068009,15304.434518655295
0.842657753260953,0.5390376374460143,0.6881884377369312,0.3810813975172812,0.8988654245665819,6402.014109999394
0.9180047355804797,0.5809823884904334,0.045793667938420546,0.1790052248939038,0.7053443950624376,5301.715035728295
0.5923095677958851,0.46909054484460444,0.33940668508559313,0.8471038474408811,0.8707568151794286,56884.5594082053
0.4180072899229621,0.6225867922626787,0.9953013488270703,0.9851237888336254,0.47855051166692486,75157.94960503468
0.36028020231659585,0.14924619832013808,0.9041231537174037,0.3279824580583035,0.8168426602827149,15911.260287658732
0.1516175993635538,0.9126274182610277,0.7061867819610832,0.022469301954173737,0.41204650280861643,37600.85158930407
0.38808221879310134,0.05923556077498782,0.4798324508109083,0.14362580227396415,0.7538031999183326,43439.95489231488
0.6748999995865929,0.8205402686373214,0.29986239712028695,0.538447490692601,0.2417877417635692,23083.993935405728
0.6075251904880311,0.15696020415474876,0.0621809733129417,0.7091270585490588,0.5716641407189811,15515.155756728102
0.9662087648050371,0.7354770761124302,0.4502230568079387,0.2867302984308171,0.0206613167668096,81559.85584012116
0.48392370088133796,0.597941566348398,0.8459633097399022,0.6246104532054669,0.07192290973915827,10961.78643826327
0.2411021894597919,0.2782220490061105,0.21931338167898973,0.4393436767717489,0.8592669753618085,64476.95677098161
0.7865177117826386,0.8770321025502349,0.32256923438820106,0.9196757397817341,0.235925554754447,77245.28783299155
0.9798006230493875,0.7756906390584113,0.9934570017163877,0.606936730491124,0.7470006499637479,72820.97504344016
0.1613766858887189,0.42989984812026316,0.5838516336503936,0.7589396338822351,0.26568447241625026,44638.5483782045
0.6329725329239007,0.05255554356608072,0.4407627615518033,0.7571050193751672,0.19398643947813543,92165.37523523858
0.5355272678464815,0.02140297441519423,0.6837524589271727,0.2058307002459815,0.18587184828173475,26594.753397371496
0.10202138850644737,0.8387696861168991,0.6543864092925853,0.1376740677185727,0.3260203664552822,24680.441546656923
0.6777526129626097,0.9310275815062146,0.2990966072396506,0.24433580487313955,0.351736912999579,13919.738616740813
0.2570894813482594,0.96377861756872,0.33757460662992267,0.9474358822177812,0.11780044184665883,94035.62864409586
0.10784087691882771,0.135827931597856,0.07075127008275817,0.8185922396213084,0.9177845257471732,2008.2552196628544
0.828615886383089,0.0826431196195464,0.7481299434597376,0.8512128457942784,0.49640792392868005,28641.121771813647
0.878022615991324,0.3218137687877193,0.1619514607377449,0.8518444504067433,0.9977984902680672,35624.701944798246
0.17441993386649923,0.09991619541099217,0.31348298538122277,0.13347945858175048,0.19934173966485336,50632.847144182095
0.0640226005465393,0.18634471367022387,0.6342017167609497,0.07839188442534073,0.33147046783678313,13842.839928793835
0.5246843771682712,0.5988348296336925,0.5561509383381075,0.7538242294646854,0.6445078717911551,67812.22694978144
0.29236154452704444,0.7272058577701842,0.2098254208441772,0.803518032473285,0.057191778195588516,61885.79876853164
0.8981331993685647,0.35433372145507835,0.5853295504474788,0.5752215443744271,0.8798821642738869,15737.366306115035
0.6605647764643541,0.49453101063371385,0.8221587004085409,0.4951038840267561,0.7539860840024538,85345.2389989336
0.9206078274229146,0.10980442067192309,0.09931886485545471,0.6722713951619546,0.6821241156718717,47316.199068797236
0.721721074208698,0.24681854888477128,0.1281558006434308,0.40048899934723037,0.2006172891183302,12360.455831279029
0.9314992869630702,0.5646135270177076,0.21585934705170717,0.42651042298755604,0.5286076296587369,43148.15579174282
0.05966014598997249,0.3721715583812406,0.13508103460241738,0.19343473395090438,0.9637404396926208,5721.600918825443
0.23921557951053507,0.2729196464949962,0.039395614924425115,0.6239019555845808,0.7705578568001893,23613.108596501443
0.31161730538181165,0.2781277575954372,0.904187794935356,0.29869003259941673,0.6356001102773843,58841.355122517605
0.8718600081853457,0.673466124874738,0.008769937404223271,0.7001552863226861,0.6887442348213917,12433.206260236046
0.11790020589752925,0.26001397322656505,0.7317815174142664,0.5516799798107127,0.6737187535339471,64425.07866105288
0.4792128873485142,0.7867645723189353,0.6447004586598415,0.5638214002482319,0.7460539027698805,71165.48529816748
0.41483375232732234,0.7550286423043802,0.8443802908108415,0.6459200184209077,0.159585464898219,42482.43938044911
0.07039374244811547,0.8070747474484166,0.06906260802158215,0.336269559816615,0.7354977142287578,31084.941818126525
0.04453802208809787,0.4269875810810747,0.04679221749577667,0.9578904312641756,0.5527424517711566,43559.40501812655
0.026198588980753557,0.1474987217247612,0.1888015458116198,0.3933873691720732,0.03487988943684095,52477.19257467315
0.2924448869874675,0.4790024563825763,0.6000781186069414,0.7226112456677217,0.49527168475957284,15440.746035190425
0.0744114770230363,0.47705283122456166,0.5644653170144573,0.6129069167859343,0.7643940657116451,77599.41983035354
0.3141113049880305,0.8665989786706104,0.6507113442827802,0.7449988515031298,0.5658694459808913,36910.00901175066
0.5273083598638806,0.6432423905590946,0.47442122343322135,0.5330291575483529,0.2488575209209195,4877.333321951632
0.28678484793077264,0.6296624687591321,0.8584532612294844,0.8018911969619305,0.8173851638069305,74168.02355521549
0.06812397497470046,0.6036527272625051,0.18293503334552152,0.37023631217611175,0.47576585968644824,38585.97301371363
0.43783381652779807,0.31320998117691123,0.2519398374884272,0.7676539518574391,0.3357250548526881,77057.40242630728
0.022394407484436996,0.32911337465421386,0.5018650404384887,0.43005407301701226,0.7627727445121437,9988.820762994845
0.9223589942284438,0.3960808236213442,0.47877954706545267,0.7603138029728423,0.4935001075799631,2810.435548560594
0.3137063267611572,0.12829287040123616,0.3654096920110038,0.24395310966703532,0.15839839909170583,62629.37781921398
0.15133486533427132,0.5305200595324638,0.22765962710788046,0.6322907999450491,0.8446858626122132,43925.341326892805
0.921923716870141,0.20779798649149672,0.4345983542909323,0.22314944665756775,0.27234506640146694,47374.71515075336
0.947071206854505,0.9236480730450112,0.1975595676305194,0.8067145268292609,0.9395193278768104,16157.98262804232
0.6316466815769245,0.8069715131037971,0.7303640070490643,0.030863616380496617,0.990347455137192,53544.7892831149
0.7594993430132256,0.01623124758868766,0.27708583602181214,0.26675105777100705,0.21263887328662212,66676.69191993107
0.08895096789310453,0.35154119016223506,0.30279898189798204,0.9495989946261468,0.35648529020570874,12284.095526572117
0.3705056717934869,0.5603824892191316,0.7342012842896163,0.6954296886739463,0.4390152763065117,45237.65806831003
0.15841137368840907,0.5827745791822846,0.5899767538976346,0.876261604342825,0.5317924167200968,67157.73975106319
0.8389983997016797,0.2898638294295224,0.9720682217951484,0.49479027283876764,0.27287963947041594,73140.05654396242
0.7926649340008071,0.17113682358898286,0.1482705595222279,0.608687907004961,0.06132854581393654,2698.3240528867254
0.4847599630639994,0.9954906779873052,0.26788123243814144,0.08765850295370359,0.49457110133670024,52420.654078823456
0.5393117007499338,0.31015330206444147,0.2292947946638091,0.0823555320329803,0.3288714107294668,62152.30113169246
0.7787685390239767,0.4398930729530788,0.5835743233153098,0.5634499788459324,0.9088150869802089,15395.20025792025
0.7802792293213736,0.6531853844578902,0.28461144219555123,0.5207389068206727,0.6862731762021,70993.74970691898
0.5893140080647065,0.10307370950063499,0.4496506866068106,0.854789846883247,0.547066108186178,53165.12961447318
0.9645997899134561,0.010147319785579367,0.5218459615261306,0.3554415287414594,0.6996480176291867,87405.04186791519
0.10559883021004246,0.7864821107569226,0.32304246372050827,0.7204736616268538,0.22255633653970996,52226.88087418281
0.3780924059172661,0.7961874152894544,0.859979092558632,0.0789472298250824,0.7371017076435102,12771.390135208261
0.4372071121916765,0.6221160741790851,0.8756122890761012,0.8650517098057826,0.4280547703998512,13214.708469714755
0.9637116278064044,0.29045719190962827,0.5219877661410504,0.3652683958284726,0.8699930227364138,97281.04029975021
0.8765594636374501,0.3522810803196976,0.6513577241062619,0.2611824529963531,0.07754379239237952,7967.736832215633
0.8644815269412343,0.613878673616409,0.7839284561297218,0.007731034712041951,0.25870211324163495,67002.72169277087
0.6898976590024697,0.09205870486646084,0.19461243392358551,0.45743913985718776,0.4462130493719658,97983.48739485408
0.13071357203127698,0.6978833212629997,0.41583716022845985,0.5295100987328678,0.6041304069692824,21015.45683958803
0.46274959511021574,0.7116455257655562,0.3889083382326687,0.1625567453286879,0.9458249224272837,72379.922230431
0.0396447456379857,0.5848021971650239,0.5262994790264842,0.36117924287608416,0.5065271125936849,98175.77999757555
0.334666841878693,0.24298794771568677,0.64100534098104,0.8962513364366571,0.7021830665684927,87716.45374004336
0.13174733344501965,0.19587757800095007,0.25739725604682917,0.02171724770903405,0.8365414187149166,17087.57107916539
0.4668032297271506,0.5862351541558609,0.7069867629287687,0.14139755944429144,0.6004513155640812,18903.6252736413
0.4525315062004438,0.42200146570811436,0.6413870043994778,0.13054920962277194,0.4238866544578903,39884.92823170041
0.2739115881394977,0.6861091543118278,0.7588502686693939,0.8914547025652091,0.229575260207739,78411.75407605885
0.04382712402391464,0.3042972793704469,0.5895157403820478,0.49722187993412914,0.7680971385139715,70458.51271685137
0.8479510882975769,0.30164745870429743,0.8170370263450696,0.3225456705956852,0.18131491841469682,57643.84641929883
0.39374380045336166,0.6838399289828382,0.29399557823131417,0.36257097059590504,0.5325323550500031,94397.07849718361
0.8499582384703825,0.6396452692783398,0.4159739549064887,0.5581827238130082,0.779870005032347,80319.05876040409
0.7151237487311554,0.9767814079609235,0.1644521008431622,0.5890725591447363,0.5503380642415797,85016.44026188605
0.28095149230132754,0.5528583270486217,0.7302289929428925,0.12084203638431112,0.44272708169813224,19151.651386891295
0.8838379506446438,0.5696165173172786,0.6339203799883448,0.006170265728365987,0.5627911835904444,98102.91286024683
0.7650042311263647,0.8885680035890485,0.5663020794054379,0.8158181709192165,0.8858098027810468,44626.58630611361
0.4062918064265564,0.17697732377354458,0.19380531224998443,0.05169755910421403,0.18682349009525712,62261.45846963204
0.863510032826495,0.02306564284632351,0.1852851707500306,0.2531282458313572,0.6373516914433516,85369.7832903429
0.34613291325199225,0.6063501507726663,0.23635766989799434,0.0528521638081868,0.7099727453299159,10405.450591642682
0.4111011361462522,0.35800476708926077,0.8830462228051059,0.8376176776083888,0.9303167976115222,75390.91960710898
0.3132650657385406,0.9426496508396778,0.9599515668257979,0.09723060909068015,0.9765617186247664,62731.2315877653
0.17966550398456416,0.7196756127531245,0.33666645675371265,0.959321247683562,0.2238302994014113,74771.3131205383
0.16711764772052728,0.35154801932518664,0.760183964665572,0.1927398415920819,0.7465138105787958,82663.69754583607
0.8783703560632585,0.1455518617178143,0.974893812766209,0.9411737825446168,0.9477225527524835,19007.999270170043
0.9488452636873931,0.7520742095983323,0.7781658192715897,0.02224792245647489,0.6707107736503656,73134.45499319106
0.24714383274770912,0.7108538267969033,0.2683665576041676,0.9942545216353024,0.8301051880321314,62414.89922818032
0.5812470977166275,0.5442789715753686,0.35466504189211345,0.9442154573012135,0.8257198771014885,28707.041099232196
0.1263137709584763,0.6046547806292836,0.9923393856436872,0.7771534853929211,0.48793160009381065,12936.357886882979
0.057237072672104206,0.2441774971799745,0.735072868554883,0.9085639111215945,0.9849662156911658,66987.67664507283
0.40444870672757505,0.7503906463183646,0.3400458791780595,0.9910030942302944,0.0642656576056313,60933.5824575703
0.02094371112018989,0.6685964030684471,0.9963168402724147,0.026904191376269093,0.6800869206559678,42283.174172396655
0.4112750163485537,0.693990000519595,0.7418830838171423,0.5356465609587033,0.9777778762121908,52751.796348003896
0.9699513235330348,0.93300369574447,0.7258472926751972,0.7110535867910811,0.9823017988754654,13357.844348964314
0.23154673606546017,0.24752218283713823,0.9440492932156166,0.6991315238494217,0.19916243499307285,91891.61501576497
0.3273909058556129,0.6372910927821523,0.17519529510549525,0.3666280212145625,0.7736536547109855,10930.37663418125
0.5126748962863288,0.009723368072107608,0.991172936373118,0.3813564189188703,0.41029505167249425,85665.41018597216
0.45077686631674296,0.5934888198458549,0.6651127150724445,0.06425022103816702,0.9629535644394366,65904.08099290234
0.08389988618280808,0.5631475666010672,0.5083574572846534,0.9486510866485953,0.9573353965974867,21334.523888805325
0.8225420431437063,0.8733025711651269,0.0005918287717013859,0.8231162026655863,0.7396074932109843,63581.27860722058
0.6341454046967453,0.7616596016895444,0.8121053953643995,0.7751831892038423,0.5729312690205223,34838.52767079952
0.10697679397482318,0.48799908714483253,0.19356927897974774,0.319775593579983,0.6304205539391923,59538.182335778634
0.05626154636759306,0.7875983423300532,0.8679317409030275,0.38377964113099394,0.27440334353271634,82324.92654913566
0.8870092227424888,0.0236986957456774,0.0451210042728184,0.24387860750057222,0.1528387283183047,29328.71871370455
0.16299555499220775,0.7170543141680238,0.5030435831247337,0.32162462708384665,0.15218898273885728,70373.7934772292
0.2388303643627383,0.04461775743771135,0.6092325298112026,0.9926279275313135,0.9463411102966443,4018.4865444935585
0.8334954068521658,0.08579686225007332,0.6979107514577667,0.8467240822014753,0.7720432343570489,72061.38854072432
0.6057637053211157,0.2311972354409072,0.9847285434091164,0.5644698446236625,0.867575758168608,86112.8763026317
0.48616894182692894,0.849956119996327,0.9772585416847263,0.8627883220358841,0.4531448694020678,8391.259291687627
0.5463299634640837,0.54650514547071,0.13701932406374107,0.9171602175173548,0.8031292992577195,14732.93003970725
0.9742610890943362,0.7110990996692564,0.8083298160029222,0.024991770311099448,0.16844711891471797,70411.48098240628
0.17631943727557786,0.7256353920508092,0.8721786969483137,0.9729361855222225,0.4717092952849221,66842.2760159178
0.029765011975245836,0.17200901542410907,0.8389120329458702,0.9480179984001547,0.03348979677291908,39227.98010597293
0.4836487120516487,0.5673493614365638,0.9331972174925988,0.4970339616780832,0.1845218728358784,6873.455343355889
0.7357966225851313,0.8539848776560067,0.7237224995880063,0.6462901443764266,0.7010669919535618,84463.03867807398
0.5841216732673152,0.7565786464686155,0.47451053316906644,0.6740446437582723,0.873289494813688,4147.85168336316
0.13492424036708928,0.9088193259095811,0.584922644454393,0.7492505756842485,0.19907162236179443,10992.036923477883
0.8472180230711569,0.40736780946560425,0.13791616300489795,0.9449463278819542,0.5534861663951242,54791.02462679206
0.732490530196789,0.5719550116536583,0.1950084154558006,0.10601941759742417,0.8914925881424725,14707.165472637378
0.9459213060407459,0.7597688191724622,0.1524366349333517,0.4276983663575783,0.9343116304249478,75083.45075771026
0.5080040250675806,0.9394373530599399,0.5408739077929572,0.14172536862318275,0.2666752332619494,87925.4813800289
0.41962235429496075,0.5711455770166805,0.7983803192855224,0.13498235564470662,0.23246956850256173,29620.106062520976
0.6756062322185342,0.7747283053218924,0.6263232948275443,0.7852378503960549,0.1610944268342398,44900.20872910948
0.5466695517644347,0.537807210646643,0.7206702171759903,0.25620194320382983,0.45546629116684123,75054.57332303247
0.5180350562501588,0.04861584566450783,0.8850609496278633,0.06720147025294898,0.48862217882615167,77790.45506206519
0.22656909291908356,0.9184517652281954,0.7294374682523738,0.7980964306053109,0.15005748212357994,97839.49582986266
0.006343934823783037,0.41475178087153386,0.19690957646029172,0.008114508033570944,0.1419626011513705,25869.87035011828
0.34759658828095874,0.9666402606408445,0.4274456978250023,0.8440044465510078,0.5117692792368626,65355.813798993186
0.8971391380292922,0.34003584297345046,0.9037645068357661,0.3081788102510372,0.7826426123825392,98855.28775280171
0.9545011248823807,0.37693936707994535,0.9946628581633982,0.40533554507940583,0.6660567636692545,11764.44671016187
0.8353389257715791,0.8360899555641118,0.8660166283842916,0.8719426407924823,0.009928646716750755,76693.11480837624
0.6903167194859066,0.3645533998129673,0.30111626225349886,0.67203314561817,0.8914685092132371,42458.36587239528
0.7289490223600453,0.8887839856676442,0.1956496425942511,0.4980799083790993,0.7477943015732469,80197.03969696665
0.32090901040621267,0.9433817045415647,0.5491565464012519,0.17666829566568065,0.5930620538758237,2500.4823395875665
0.34629358206246974,0.041403510836722224,0.005612973390017095,0.3329556079986643,0.2292863687477903,21387.330206844745
0.08920398947212693,0.5746151877580573,0.006362649255842068,0.3004995096304963,0.29917884330942557,80806.30816205809
0.030508170917623367,0.03338382509892679,0.8530106953557937,0.7605463448834029,0.6034174604531658,37624.943237625695
0.8032855177938116,0.9900464037335919,0.5672630209037882,0.33684095619437204,0.3300523747326005,31475.13462995162
0.11102010399887241,0.5832760909622672,0.7745403184994911,0.7093652632245039,0.878804022806832,21790.3273303811
0.9158889390235303,0.1394159453742354,0.23097221273690327,0.20097308275744374,0.39211675634628507,73868.73138189907
0.05053110110600012,0.852504871284512,0.8806820984162363,0.2567980364898321,0.33090842559891687,96070.25726661147
0.4991454523590644,0.07222934187633767,0.6067853645869654,0.6982453362927544,0.7844732506407245,66930.67165039633
0.897790069534965,0.7231154285029336,0.5849701204446909,0.6480415154052552,0.9574423907043232,28722.56451709932
0.16888563930623957,0.23355533581918497,0.6820813765677265,0.7409161890634924,0.25441124231672674,18834.58326221674
0.6351693559410806,0.1469122755406903,0.23506813132519488,0.2333523731824998,0.01664754103383348,28065.446694224065
0.1890523892662178,0.3291268836533645,0.12864857330051627,0.17503611741916358,0.556045404176489,71171.95464565548
0.5730295516299416,0.8163226110928808,0.7692499318306976,0.864441599337936,0.42625514586277446,58867.795336866955
0.6693107737445333,0.2550310222545106,0.10881102937717657,0.228008721432166,0.32932904005767616,30356.64731845339
0.696354024005043,0.3420858604775471,0.4989494479437103,0.8248031214052163,0.6884323910536473,64099.22573327159
0.7325246341518867,0.8024804347477295,0.6833078542045726,0.5435731531099882,0.5329651226566857,65759.40025434355
0.0943641368741176,0.7852490603159115,0.6407543145271227,0.7737976611936865,0.5557082417882692,3869.309892958092
0.7091177671408785,0.05726418335527517,0.6027426389129968,0.6066830903925551,0.3087447381598061,27882.973379375475
0.5202441699640311,0.09127926710185508,0.25642557830302404,0.01789916255590951,0.05782152381228145,20295.3959326878
0.44063371105854987,0.8992032127682823,0.26462277229178677,0.6664849806785922,0.1965320140393546,86794.04648992798
0.688565003212033,0.02940777378833659,0.8670964152892351,0.42587021924910473,0.74907835882532,99066.65040995546
0.9833122182702598,0.2321410083662413,0.6902630915232515,0.2426619787345745,0.6421365465758374,96066.89716038719
0.44804269316989065,0.5254863985303531,0.8403662852914314,0.8875313006664284,0.9168195901633703,24997.53361065627
0.5703726398918854,0.9972450609627731,0.41620507625183667,0.2463137573801265,0.47196898150472766,1866.2205015853015
0.13627329395538457,0.48581966379159236,0.8968269982226236,0.03402859475056896,0.7862392192662598,85008.72722811515
0.5594250003978893,0.9202200689924213,0.019074564159781704,0.4168517482234859,0.25191748820594206,17007.482962574693
0.5622143974966262,0.3002136083213658,0.6949562018409731,0.40570292195001034,0.3076472410376425,85506.18027894395
0.8345866533294585,0.1681049145135557,0.7872550493707453,0.010174422452984722,0.50939677903729,29759.794333895352
0.27663529175515245,0.8813831995488103,0.967025734320111,0.4695196805995906,0.6554425933515817,51314.464564038164
0.7360633777079907,0.35361545189175325,0.369191904768302,0.4495359935901475,0.3363857216090954,26676.40771347539
0.02169761491965516,0.44058830746074784,0.6452053588710088,0.6488646664765145,0.20245089566867047,41718.94845373354
0.34532855512833127,0.9693818117753038,0.4850194548017984,0.0932789811533361,0.9620907666447207,37931.11289393302
0.5567226975226384,0.09004406380837893,0.4948861218940266,0.007732692940500829,0.8884324959366656,1248.2317059575428
0.8911257742608392,0.22283175785518106,0.14136152688039605,0.7694745808246817,0.24041220620167847,73670.53723053803
0.015109735095075072,0.6279203787360621,0.49355470305792637,0.769865745075605,0.5315670640719735,36032.77524266824
0.30703801891907423,0.9768485426865657,0.5792576233982898,0.9771514675542824,0.46465761830030805,93711.72152362077
0.21824641019444957,0.8730981227503268,0.03864734521572544,0.35589566178520826,0.9502185475153542,9134.460739082198
0.6459240008160458,0.04413747420891756,0.45244781650067445,0.6278122895517527,0.5937181649027569,93163.59611238772
0.08206264494829674,0.0046933291563610036,0.6882243494877787,0.053139031723927976,0.5665378827961286,54450.402802161974
0.8170938551801978,0.3830500654880834,0.30865897426268385,0.17468799434577542,0.9457643259482941,58468.86156171688
0.017262408291065623,0.46358299375635714,0.3334039236721963,0.880743889743227,0.4562178044970592,27383.53222873851
0.24634204546307337,0.8388553395818621,0.05615187953235745,0.42367650013515235,0.18188287777995393,50728.34855724768
0.30544388599467986,0.5569929413768604,0.8383816895062232,0.6049411517078768,0.4104220318084988,40673.974940082255
0.9252899808819263,0.3032739110760052,0.22643557954353444,0.5887736970035803,0.08533541388373067,22353.592533736002
0.7024222854128787,0.9302662423355798,0.16174797173064726,0.9353185206566238,0.017208739820308905,79673.05839949602
0.7264316161481156,0.7372375355087435,0.4401206163942555,0.2408069113019281,0.7903871032867458,77495.20320113255
0.19363664834625993,0.059981993045333803,0.09944120482587049,0.98816753989663,0.7454067804877085,46339.374461384934
0.6096365423978691,0.7933466765430017,0.8551738537135348,0.6881114890932277,0.6470740872372651,59701.739241807445
0.45984632883053056,0.7312625936876028,0.5337399144907917,0.7751644737010049,0.4101651258215383,47234.5385528325
0.00021982797794550812,0.6528283736022578,0.03683050560046819,0.35504295026193855,0.017794390012004335,73312.17399575294
0.05233214425916444,0.25323886517905925,0.3925785009493028,0.9876468693123999,0.22222786926960236,78740.2726891995
0.29815874577387513,0.9450813635348284,0.3390127783788216,0.37424338850578587,0.3564309981768268,58398.95504022084
0.4978725848785074,0.6341046224090018,0.2670393626062796,0.44066877241406677,0.7801598868073731,72282.06796640069
0.5130917234796385,0.9462423444065495,0.6844275420487821,0.20034781286630576,0.6825101218790041,51599.4224055076
0.35839113306501447,0.012516992107019398,0.7759946666333506,0.8614325033016444,0.9162243700605927,67471.42513802019
0.9711305645590763,0.08966383446640169,0.9663271941641416,0.559462962941316,0.40434154351145524,87014.67559430352
0.20077218183570544,0.9665295598118591,0.4477626349229805,0.21671493427957234,0.0777951421499089,89899.39536122206
0.3278676676403597,0.06962114963279642,0.07255091679575754,0.17556281046674416,0.5348359055627167,82826.66018033639
0.7003386361063036,0.11639997190000273,0.7607091794225032,0.9508605631665491,0.5282673719728016,54161.216798421534
0.9890892750399963,0.8753183250377697,0.3057545157131376,0.30586225798551603,0.07922570791021488,67818.79260771233
0.7918722168077623,0.6543575908611811,0.6618597135936343,0.5632485182767367,0.9269744795491276,94266.33814123237
0.5722327941347833,0.36026077190823047,0.8064061468299795,0.7100194951245901,0.07952959527082915,37765.54982005089
0.1472501734810162,0.8906249797513586,0.27945513508523023,0.34081146271379226,0.5556587226125784,14835.131098533235
0.3296569772927225,0.1631228747793243,0.4581595503991581,0.527370315962277,0.017907918267632716,64908.72107169615
0.3296813151972492,0.052934978949100486,0.15005710315343312,0.0819207552318415,0.6135050601355266,11310.331659290156
0.9414025317165163,0.21598817011497118,0.04458641704992039,0.8517176608074858,0.1638526565466406,67927.73392118173
0.9992953224703632,0.5465019956797535,0.8227926031372579,0.4269005754938924,0.8813985395545556,14562.640873882592
0.8549417290186327,0.41102809682773556,0.6047403659597378,0.4909412734807316,0.4612174624835258,20741.436256355028
0.37380115076845044,0.8093754971263979,0.4156936117469623,0.21578824178341116,0.5256611900958957,33797.40038563536
0.8805572375095583,0.8718385610217513,0.04164935192018537,0.8168990026538724,0.17791736474283182,83614.45670427063
0.32842973782096907,0.2476563624452377,0.6187289062036067,0.6928280289572156,0.1446206973579034,8701.305651867893
0.943220198509122,0.6773760201607343,0.8180087573216198,0.9857999021882536,0.3333107254526324,52093.33068003869
0.8184206604247275,0.9028108018691783,0.7989476982515575,0.5326147976890883,0.8720587026493514,20696.36307158011
0.028198189842623456,0.6076361697557447,0.6271599304970249,0.321761489542445,0.5815501068476655,88824.04028711555
0.9999354099959601,0.024180016650647396,0.9105010129589581,0.5259403053203064,0.18153573269793288,34784.087847676856
0.18046913139531529,0.6131216441488152,0.08394781396959872,0.5686632393209868,0.8684436571095141,89931.6542562734
0.2654150768764204,0.3284268673085493,0.3749101036850171,0.9875727409009157,0.6718198401666206,58569.75122201594
0.5327024481909118,0.9224588543163,0.8166927910356178,0.43308743838342834,0.2971900552355573,35815.93180309427
0.616229902355031,0.13005011531201494,0.9764786856481582,0.5394394389614741,0.4982667901523602,90656.2348084999
0.08702210801164612,0.15373317151487165,0.05200537458072707,0.7378110303158076,0.8100643378179697,65091.082115445985
0.8292674518530382,0.47566793756968007,0.1385863578061619,0.8096089377287008,0.046755617524386395,70336.96837954785
0.3633679804695408,0.6383237081214482,0.979987536226054,0.5164481291960189,0.5559908819147492,72514.97708146113
0.8731840025700313,0.6549229054707499,0.12044890658137708,0.8680915808636269,0.6844434400863223,33542.76457437551
0.2056764215690814,0.5465084759220611,0.9263269883776606,0.28947047968817086,0.35804487585335754,70267.50631240991
0.3172613041095702,0.821602924683706,0.26398320391372665,0.14237474916441473,0.675137973332586,65574.51150065218
0.9501261810448617,0.6466605325769484,0.30780533855479075,0.27254906001559653,0.12191920331592376,82063.4607773479
0.271575519487652,0.45411892190066094,0.9124599385191045,0.10943090304299052,0.9714862438633379,41885.97535377497
0.12973343457836495,0.09841548082585849,0.13462853717308598,0.8537523058211807,0.23823467621480476,74458.0292001016
0.36346388639369476,0.042370132032964025,0.4952268208440088,0.3919158114742227,0.7229959522888243,41890.529855174515
0.655104423198293,0.5417949142416212,0.269060297083097,0.2417040577979287,0.6162530191132441,85998.40617385587
0.6925311946112312,0.1432450097086243,0.06980832549839122,0.5337107366506304,0.07977247568302481,83413.96152609873
0.5484066225482549,0.20809771444818226,0.7324969276997945,0.18761841302499171,0.023240356762318615,32689.388864015484
0.9460973813730985,0.1417306543784581,0.23112874086627788,0.5265279699421801,0.6208443222152278,59221.49300767594
0.5767923673286985,0.9579846648711947,0.24572333835505022,0.5287710232932564,0.5936878301954702,74129.3957840833
0.05827379839713365,0.9852191301107875,0.543552516147742,0.7362373834635546,0.8307418373735185,96395.76791686003
0.5818430310738919,0.49990570591045946,0.25884795487753154,0.8479278570826765,0.9980377178778966,49413.03294667659
0.8941622836157721,0.8849475607450219,0.7437670702601527,0.5853536586270074,0.0734557239912258,56986.36768110144
0.10489478781170636,0.048716921012111336,0.11910152342394742,0.26108284372008184,0.5564951625468263,85528.90895863777
0.28320669572061863,0.10215697549477742,0.4132288719364515,0.08897647702171807,0.4315903798652747,70779.56460916536
0.9641753073000733,0.4023576807415332,0.6143336006043013,0.08341599931086974,0.07668376472877969,67968.66012478531
0.7608169811233895,0.45335185981611703,0.3780834461362623,0.19540293692049338,0.7646003732932767,38462.632798316656
0.9355278217221739,0.4720998247869166,0.5837654048215458,0.7374112295792993,0.23497569353965997,65758.25289804298
0.6822257164202321,0.15162557179524105,0.9079163533060057,0.6671670179109439,0.36425496869109264,81759.13293311054
0.9237659272285172,0.2351553696515004,0.9204026016703297,0.23675822551683479,0.596304169771376,48656.70110300461
0.9747481193898048,0.67806450969995,0.7132356905958347,0.011740772541951605,0.98115910620156,50748.67023453367
0.45855727695838766,0.9652305134548108,0.7732577997089729,0.22204818144402683,0.3472176195342703,82365.35019868879
0.09141345473552431,0.8080632704116789,0.7404312228839269,0.8830712258853787,0.25620012279917903,91782.60411095242
0.4448546659545005,0.5098930451134437,0.1514377627805954,0.06717346098304289,0.3256584137282379,63073.298877312875
0.45384894077775095,0.1522195105834827,0.7351397439530465,0.7618907287580488,0.08700989560825378,54625.9377927721
0.32263693532436033,0.10115151701518588,0.17492810228588185,0.7143923437187656,0.6789632041836251,35313.1915816605
0.9770226621839416,0.5660060993704674,0.07241714548864786,0.380912029021931,0.8991435732866142,80224.41941803553
0.17147694225758103,0.21168761889912724,0.0068707513838968115,0.9870835497767648,0.50752555067911,62491.44503553173
0.9016436330127124,0.4393561594344424,0.820601214505648,0.243886018742276,0.8253015290363097,68904.59739544599
0.7535910260746904,0.5596109654935264,0.06861000812780793,0.99439280917237,0.5829606025252291,57062.87515036786
0.7343517247939937,0.9436109263724987,0.0008409221776043418,0.8238022852206366,0.6259523321077742,33517.32748216779
0.3532096348799707,0.5363520238420699,0.3680405384716281,0.9339757436263559,0.7769158992229347,98401.4891552027
0.8863358406248503,0.9119626515024661,0.49351688911210134,0.8226117766460309,0.6546453018313649,17439.171557485824
0.2508659113714804,0.026130576913994008,0.027219401775416152,0.7567156905990529,0.4227420014392621,60248.042307842166
0.029293559262276725,0.17479992724648008,0.9292951830830443,0.2746134344245542,0.9174109291483692,56445.3005777428
0.6388449287507217,0.6978384268871011,0.7195552928991482,0.2794066090239362,0.667603640015437,78445.74759999833
0.21871038366843354,0.2093496664725576,0.1613100454221058,0.7914067460445467,0.19138670169221017,36213.79562539434
0.37468438862401365,0.5094448522788766,0.7728992074024718,0.9284990012323673,0.2264003630321666,47447.965994599246
0.11793701881442842,0.6445081716712365,0.3551077880942872,0.4105097402235114,0.015158079994137652,7903.739854536576
0.17736623663018392,0.8517006913578539,0.17031907340737729,0.367595591256774,0.7207313138660265,21910.212268647425
0.8446808720793414,0.012283317503713365,0.753003169578514,0.9342080245114934,0.6989685733721414,35244.13782016801
0.621656416624278,0.6138772565388119,0.4889577253328228,0.8396783676803391,0.9230496713072331,40728.26328508643
0.6611630437656172,0.2952930958113631,0.9855268433176423,0.527488486421205,0.9985969716592914,50760.75462414998
0.2828095123191363,0.12288709752837812,0.766052355579747,0.13788818566703642,0.5839380812883336,45522.705247260565
0.3617367180077533,0.5448437285429916,0.3883204302710873,0.5174950157721644,0.41429278859042307,7332.510660268513
0.817620008680386,0.7444433019285727,0.12238872355718577,0.2183614266919639,0.9172502065190825,91480.52502387646
0.3810735409164252,0.7562622208462871,0.9812330883744647,0.6824945447630583,0.26407910585224337,55522.423454812684
0.8177600831078128,0.712455860850611,0.4650407724252721,0.8157675528744357,0.6707091296329359,76960.68642260815
0.3426775052275004,0.8368655819979461,0.8659373517152998,0.9870381352083281,0.45031143360732473,25856.270841760317
0.34726345593260954,0.7736823469760554,0.5192137918744717,0.15623965375288107,0.2673330505471425,7696.217933607973
0.15445988990166826,0.6700232452118839,0.8388544190246752,0.32811571304447507,0.15368475588823793,32694.19985047914
0.442609093166465,0.6638552283752169,0.11215327594192326,0.4873665745016178,0.8958532940489422,92461.73416230839
0.44105145171503013,0.47874694131880713,0.566841618972415,0.5941894355884296,0.4671665191611005,21294.905303536176
0.9014254736141756,0.22822318181577195,0.5895909956562956,0.03225002425679757,0.27231182418633093,94660.4638066918
0.3404525438477859,0.01780550509293044,0.7086726608558521,0.8534415763531071,0.6709390298927299,93638.21436883924
0.8525019612994661,0.3167275731212993,0.8252242597383214,0.726679218278978,0.7617152366261799,1463.4938137072068
0.513015776936583,0.18813158236481853,0.9195625623763705,0.7506624025861729,0.6295918895140626,1537.8203363220593
0.5967412965471047,0.340002551557956,0.45129951448101757,0.385515836777957,0.3846632818978317,3962.89118485993
0.010086445725323245,0.8051520056929321,0.08221466403164768,0.1261306507439094,0.5585684885646642,87903.6588947758
0.5722296594645878,0.07480047557070035,0.16614343953815525,0.04783945435425008,0.1540113963322931,38004.42941878125
0.33743503439654465,0.4356087055812149,0.4601845200266814,0.9190856995076288,0.13607053102052757,61008.44430754107
0.18427018924472682,0.5075927666610679,0.3435956628070913,0.7732954291409602,0.030543278917043004,9828.241390375424
0.2472490328615966,0.05206111013399162,0.6168076886780338,0.3953206602836207,0.8127931405914864,62155.45550913034
0.47189821721226544,0.06084902294343064,0.26915434235849345,0.5774486335154055,0.4778099273936013,8765.624742712222
0.45042137920778125,0.6089283798094082,0.9995272807111129,0.8171456052497367,0.43710465669669063,86616.85834025852
0.488786721862856,0.22530075666600524,0.6390940075702144,0.03994425482828201,0.935007409682306,81032.42655787486
0.3068909580306416,0.2841291856503738,0.3824408863857507,0.04115587187136871,0.26736733476480923,41735.55097323776
0.38900551581543785,0.25341836213172964,0.6905486846659831,0.837599416452759,0.692902668675855,8624.445800125686
0.5658992942078388,0.6888593186146155,0.8459655445542961,0.6057273669011686,0.6902014570391737,29648.936266084835
0.8400012190161779,0.6436606068965145,0.6278768484340718,0.6091782518140585,0.29233579946329147,35674.44831233108
0.5104191061446011,0.04313482472635033,0.4927460127918798,0.8116925292605552,0.02648294092300152,16852.19940268452
0.7877445361099342,0.5247645029716255,0.31872125321141687,0.9624294816356164,0.9623192673706369,15115.95946151473
0.044565321408495784,0.7731752620430361,0.9831727146577076,0.4404059823657215,0.20864246616252824,6545.13388772338
0.3264817253626152,0.6475069609410855,0.3577252487581686,0.6840041446033448,0.49751547874477386,95977.97992893636
0.9260668673723786,0.015305244165230825,0.9899506223595651,0.4511084135225706,0.9134262507843358,64475.944731452575
0.8722261743244758,0.876374739069193,0.6436396410232552,0.7607252535721375,0.21110518560994973,61296.4470079789
0.6799687773994586,0.052009384320743424,0.8557535822218127,0.21900568586008196,0.11160992577579687,27259.255838190547
0.32284563446134984,0.5434093207716295,0.702423518762295,0.14647083875343136,0.685502595736264,76982.35667792411
0.9768801776887015,0.6111947162364852,0.9365653225626186,0.12328689593623288,0.28112238790984156,57740.111197709535
0.8950859548513462,0.7003490797368915,0.17358337631853338,0.7235607255430128,0.43769579183015006,51413.74984907456
0.2829859935927773,0.7233312997802375,0.897265425460363,0.24594696039418995,0.591703339197285,86507.98513260328
0.3518678411102626,0.2381993701584867,0.7555527068676304,0.13830805277167335,0.025158724849895897,95893.57026836419
0.294729620543829,0.32983357658824564,0.838566109885726,0.3771198479930232,0.2437953390107207,9263.045697711874
0.513204055727915,0.7160017183910499,0.6763224666943031,0.263785670958287,0.06812440196749181,95482.24412971488
0.6419098310666639,0.07772133219484789,0.728603441292336,0.8298246093982572,0.9946414469288415,66865.88665656678
0.20932303567996602,0.34748404300697544,0.5969997244561042,0.6768041532241731,0.17484309101469797,4862.4361778552775
0.624877236975768,0.6695353509822746,0.08573624558686455,0.1223373267815202,0.45738089769527923,27411.36698125886
0.09831159566259118,0.7155273032735611,0.2255126042702723,0.5946953673090415,0.7812385726024296,22254.173944252772
0.20672536972464528,0.27747236638562267,0.9512584675878354,0.70942252083664,0.7337457128077566,7032.19759988691
0.1781384570559179,0.9360535852780916,0.10254979336242342,0.9153896136167478,0.049988716343111306,97160.79765734878
0.31779251862567504,0.9465674529952539,0.4562821672005176,0.45127492764585053,0.38012060211143694,73691.12308879012
0.31378712381235374,0.4622016020125389,0.7930198917840464,0.05621846820229848,0.20143566826867199,21489.088259276286
0.7736631403225773,0.06732750441065782,0.3112500804726991,0.17501520699223005,0.5916288049647154,29087.187103328066
0.35763446187561354,0.3073211036380614,0.8329198284659288,0.15923855284207433,0.7490117129002667,89387.16552273369
0.557586075957444,0.13606543413116245,0.2928464429266373,0.9392504599378374,0.1718719720147388,85174.10395826597
0.2935292275240833,0.2855319543147449,0.554736606152811,0.9076488251988987,0.3027802823089746,87172.40503917364
0.3694838743405948,0.22191795636872913,0.8806656748926736,0.2892411053452656,0.9829129325261386,92427.11048058278
0.03558225966041162,0.7332689349022915,0.5234426403704417,0.660313118579605,0.665751471466522,24389.585333554976
0.033936589682360796,0.8262707983515721,0.8964997581352543,0.12146841586307211,0.7983343599396626,22525.468716164905
0.78636688282336,0.599428418563101,0.38006371261111005,0.8856313196391967,0.6636577373296261,32465.60803935681
0.8130876057341451,0.44850454309174026,0.6885960512702525,0.532938374114122,0.79113476151052,23650.36454393683
0.2745580167424013,0.7575772223919223,0.6895494105633717,0.9115354841847938,0.10960941235531352,49060.21236952359
0.7918968272128009,0.6933258811735058,0.589203485796382,0.7272385769925102,0.42973926351159897,31084.805664752505
0.9209458000402532,0.9583884242312005,0.6661843148684389,0.3602580506211439,0.11722740825335176,99647.64281530079
0.7167560857645282,0.5069604841883862,0.8129773722042971,0.985272105730626,0.9336899479323217,72111.9132258445
0.7926331570231959,0.023521320331744477,0.23529090395611962,0.37843249884491126,0.17436091862507552,68210.52538397178
0.814745309717976,0.9073892032608775,0.30848710377667543,0.6393659837665511,0.4347769051337559,57906.092078539594
0.2011598932694807,0.18402836654800514,0.706597845766347,0.4454913640116578,0.562729602300764,70308.30042296431
0.5878075909006866,0.0925077110736886,0.9085908831547963,0.7681839958486936,0.9537387651064229,42577.73057373792
0.14425262527906413,0.3575324761111133,0.5265674182451098,0.5945920818619905,0.12783585107868156,74621.7486677945
0.14742657708478413,0.9592853846998461,0.09468519188707991,0.010164447101843499,0.40538098598394345,47939.79060368042
0.4213650469027329,0.5262519001740249,0.41674044265643895,0.7675385650905111,0.8807635404425518,69856.31161067149
0.9352130414871549,0.9704940771116313,0.7407532962746001,0.35839103389578364,0.0160541288072773,32379.261458150704
0.19206923697383937,0.37747110273898643,0.42931332390056487,0.05720946333687171,0.21205535006155585,94245.13700817614
0.5606197398745157,0.17930617004154303,0.5975496747878561,0.2999600807083518,0.7481229745899322,63625.067021819916
0.5346699371050365,0.4054684200989569,0.6320894429661382,0.8647130619871652,0.1523054787836503,68250.52345532355
0.17596486495149377,0.6329498801984647,0.4938903591736278,0.14387974769994616,0.6001318504705574,50717.827027493244
0.2687491567279343,0.6014434617905121,0.9803175734279592,0.9104976036886558,0.8585995007758194,57253.839616058525
0.36396858042181746,0.12727930036395496,0.12456769532827305,0.30513193446527764,0.7217436294910458,25153.63148578643
0.9869471151068481,0.13001369940412622,0.3501826073555133,0.021039544965933077,0.7060771838079957,65186.59074389838
0.3933301811555373,0.4973017632912886,0.2590795610109058,0.9632902223163498,0.9780440065218499,55064.195548496486
0.3646181383311691,0.377609502563961,0.20324844425704125,0.7899496136066638,0.22719289595308478,11039.895304746293
0.4804779104696185,0.7405952257599003,0.8435045111703331,0.6960286905636993,0.40347263502496333,72711.89162793878
0.26806186170151536,0.25598471369436215,0.42107469243998086,0.46759607411106285,0.3787718831143414,34274.407041706916
0.6122190993231075,0.3899818353805815,0.6064404041116865,0.055079724353112036,0.7128545613316761,3778.9303045720253
0.47460925742275784,0.06009641263831045,0.48107354057111695,0.9173924084251358,0.4261932204962181,19574.454867830274
0.5166515023436119,0.507323839881525,0.16930018005518344,0.4635332075240739,0.5454667379821996,15980.727957081452
0.17004789348803995,0.34936386027264255,0.8142784314565658,0.009115448269747195,0.998457223689465,53194.519757046175
0.41607215292927513,0.7828263411496486,0.7301392189397925,0.0163410630347689,0.8575096284554246,14239.871761734974
0.2856464617840392,0.38534912903165,0.4696101865566388,0.6313445935294077,0.15125576020231302,92406.23859972782
0.5172596912799252,0.7012559724152058,0.5562323694115547,0.36330461639160316,0.8532115087964498,3178.5095142656205
0.6972489960652564,0.10711353419841319,0.1789918065913635,0.3187870014721381,0.7071194160328063,22147.51500171176
0.46126577259755375,0.874328590190317,0.4662312318661811,0.4816127651771839,0.17977379570020624,76860.65431131597
0.9467122890064525,0.7635870395439707,0.9473495057004168,0.30899934412277175,0.7446729900058778,61129.49036959524
0.4478866159437964,0.6028584036202754,0.1620120084025677,0.7842673783069779,0.46438494645287554,96518.06759820753
0.025006281840331823,0.8766082621760343,0.7949330145852208,0.09059812220553387,0.4712006540407454,87939.25881505797
0.7130217843029798,0.07720923175600702,0.6373899200940801,0.18679746841854783,0.1067291563162388,73369.00958028126
0.6571019375614234,0.2538787859592023,0.4536642498194674,0.08929721120295431,0.5968642959536263,61761.847691118
0.7538858649797823,0.7330009802952002,0.9667365135293251,0.9379409257515438,0.2020783116765964,72676.25723798187
0.455582628291867,0.8626463413838072,0.6394438606311177,0.5379757807246588,0.4761482246903824,23547.65209836893
0.1535825680182804,0.01966410806770369,0.8850312698001972,0.8311056071098902,0.9669381213571909,28870.477977355786
0.06287102220989382,0.3277159612792385,0.7627366510463773,0.8815091197482876,0.6338456069844347,50272.29202663377
0.1322412236011148,0.9890137223554162,0.814712831396367,0.11350905169101921,0.6846800356594085,81046.87761442603
0.44884786813353206,0.12668786894469652,0.22294545414333822,0.9918257172071954,0.27376874204150226,69136.13914822537
0.7507898597726131,0.8890979594363478,0.5242094741230999,0.3284232308729004,0.5611928436014387,96248.64979808066
0.5075430805506652,0.8333379940361141,0.8498205137644675,0.05062100912216683,0.47763803034288566,40144.5745846012
0.4013331754467032,0.6281216020359527,0.9009709184361359,0.4196566834930442,0.8804107180268248,96114.65905181554
0.1483028175901454,0.9086689070657584,0.021026144687648074,0.6756622073133661,0.6739206035889344,52608.91151089272
0.52357776142543,0.3202891549857807,0.3972842258730396,0.1465952558181589,0.9080344402587198,31267.66169626351
0.7678331314351078,0.6579152231465079,0.3682423572725374,0.03407794632750327,0.7641226449455941,31752.39780561172
0.21869267751463883,0.18634366640072286,0.2435883712056417,0.2147663930200544,0.012809672289300411,20181.972792082925
0.21584052235549533,0.2914084136919115,0.28689232810283616,0.8714108035737469,0.569795879856108,51838.06235954963
0.5049735782326601,0.12991907982051898,0.9277887590002992,0.9638491078635413,0.7590591676243044,62922.00871943123
